Original-Name,Spotify-Name,Spotify-ID,Genres
Adele,Adele,4dpARuHxo51G3z768sgnrY,soft-pop
Aerosmith,Aerosmith,7Ey4PD4MYsKc5I2dolUwbH,classic-rock;-rock
Age-of-Chance,Age-Of-Chance,5rSacVIkHGfnrhFILS7HqN,alternative-dance
Aitana,Aitana,7eLcDZDYHXZCebtQmVFL25,
Al-Green,Al-Green,3dkbV4qihUeMsqN4vBGg93,soul;-motown;-soul-blues
Al-Jarreau,Al-Jarreau,3YR92OLKlvkK5oKNekSqXe,smooth-jazz;-vocal-jazz;-jazz
Al-Stewart,Al-Stewart,0DW7boyjvbaSP3OJ72sXgC,soft-rock
Alan-Parsons,The-Alan-Parsons-Project,2m62cc253Xvd9qYQ8d2X3d,symphonic-rock;-progressive-rock;-classic-rock
Alan-Walker,Alan-Walker,7vk5e3vY1uw9plTHJAMwjN,
Alanis-Morissette,Alanis-Morissette,6ogn9necmbUdCppmNnGOdi,
Alaska,Alaska-Y-Los-Pegamoides,60LKzdjqtmposRWQbVnGAI,
Alejandro-Fernández,Alejandro-Fernández,6sq1yF0OZEWA4xoXVKW1L9,mariachi;-ranchera;-latin-pop;-bolero
Alejandro-Sanz,Alejandro-Sanz,5sUrlPAHlS9NEirDB8SEbF,latin-pop
Alesha-Dixon,Alesha-Dixon,5jLwURKdEPDvuYnac74s9c,uk-funky
Alex-Ubago,Alex-Ubago,2tY2GFdhH0Wa2VBvsxew5X,latin-pop
Alice-Cooper,Alice-Cooper,3EhbVgyfGd7HkpsagwL9GS,glam-rock;-hard-rock;-glam-metal;-proto-punk;-classic-rock
Alice-In-Chains,Alice-In-Chains,64tNsm6TnZe2zpcMVMOoHL,grunge;-post-grunge
Alicia-Keys,Alicia-Keys,3DiDSECUqqY1AuBP8qtaIa,r&b;-neo-soul
All-Saints,All-Saints,5TDVKqW9uhqGjwwwKGuma4,
Alphaville,Alphaville,0xliTEbFfy5HQHvsTknTkX,synthpop
Amaia,Amaia-Montero,4LbuSjHhhAddvN44qXpRJo,
Amaia-Montero,Amaia-Montero,4LbuSjHhhAddvN44qXpRJo,
Amaral,Amaral,4OkeTQCk0fvX6VBYpOOxDi,
America,America,35U9lQaRWSQISxQAB94Meo,soft-rock;-folk-rock
Amistades-peligrosas,Amistades-Peligrosas,15FscPIs0VO23BCCMaPglf,latin-pop;-rock-en-español
Amparanoia,Amparanoia,23xlCr6Espgfu0IQExvjU6,latin-alternative
Amy-MacDonald,Amy-Macdonald,1hJuGCUpefX24GFmss9bjH,
Amy-Winehouse,Amy-Winehouse,6Q192DXotxtaysaqNPy5yR,
Ana-Belén,Ana-Belén,4NOZW7dBOmBMMAG9EGQd4t,trova;-nueva-trova;-singer-songwriter;-bolero
Ana-Guerra,Ana-Guerra,3MRynBsyLGzv3IQ9Fip6hO,
Ana-Mena,Ana-Mena,6k8mwkKJKKjBILo7ypBspl,
Ana-Torroja,Ana-Torroja,5YekZn3GGnPIURNA6RG124,latin-pop
Anastacia,Anastacia,2siHvYaxjaW5rKVRiIrMYH,
Andrea-Bocelli,Andrea-Bocelli,3EA9hVIzKfFiQI0Kikz2wo,opera
Andrea-Corr,Andrés-Torres,4KLOMib6zqzNayKwLWTs2Q,
Andrés-Calamaro,Andrés-Calamaro,3tAICgiSR5PfYY4B8qsoAU,argentine-rock;-rock-en-español;-latin-rock
Andy&Lucas,Andy-&-Lucas,4dqi10p8S91S2ChvcWsi1L,flamenco;-flamenco-pop
Anitta,Anitta,7n7DTfggDvq4Qf2rw7ZJrw,
Annie-Lennox,Annie-Lennox,5MspMQqdVbdwP6ax3GXqum,synthpop
Antonio-Carlos-Jobim,Antônio-Carlos-Jobim,3pO5VjZ4wOHCMBXOvbMISG,bossa-nova;-brazilian-jazz;-mpb;-latin-jazz
Antonio-Flores,Antonio-Flores,6GwZIG7UlxQR6n9kO8QlV6,flamenco;-trova;-singer-songwriter
Antonio-Orozco,Antonio-Orozco,1ADdpen72RPuafRcv0YRBf,flamenco;-flamenco-pop
Antonio-Vega,Antonio-Vega,0r4YtlmJPQk1xhiVKHuPeF,singer-songwriter
Anuel-AA,Anuel-AA,2R21vXR83lH98kGeO99Y66,reggaeton;-trap-latino;-urbano-latino;-latin
Aqua,Aqua-VS,0bcZsLQV8MCeU0ylWbw23p,chilean-trap;-reggaeton-chileno;-chilean-mambo
Arcade-Fire,Arcade-Fire,3kjuyTCjPG1WMFCiyc5IuB,indie-rock;-baroque-pop
Arctic-Monkeys,Arctic-Monkeys,7Ln80lUS6He07XvHI8qqHH,indie;-garage-rock
Aretha-Franklin,Aretha-Franklin,7nwUJBm0HE4ZxD3f5cy5ok,soul;-motown;-jazz-blues
Ariana-Grande,Ariana-Grande,66CXWjxzNUsdJxJ2JdwvnR,pop
Ariel-Rot,Ariel-Rot,5kXK8waG1JeBQ8b5leWNSu,latin-rock;-argentine-rock
Art-Garfunkel,Art-Garfunkel,6kEsKkXuE4olX7m3mNLZkS,
Ashlee-Simpson,Ashlee-Simpson,4hqDqHtBlgxXpLXVYf7c8L,bubblegum-pop
Avicii,Avicii,1vCWHaC5f2uS3yhpwWbIA6,edm
Avril-Lavigne,Avril-Lavigne,0p4nmQO2msCgU4IF37Wi3j,
B.B.-King,B.B.-King,5xLSa7l4IV1gsQfhAMvl0U,blues;-classic-blues;-jazz-blues;-soul-blues;-blues-rock
Backstreet-Boys,Backstreet-Boys,5rSXSAkZ67PYJSvpUpkOr7,
Bad-Bunny,Bad-Bunny,4q3ewBCX7sLwd24euuV69X,reggaeton;-trap-latino;-urbano-latino;-latin
Bad-Religion,Bad-Religion,2yJwXpWAQOOl5XFzbCxLs9,punk;-skate-punk;-hardcore-punk;-melodic-hardcore;-ska-punk
Bananarama,Bananarama,3sc7iUG1Wwpwx7bHeZolgx,hi-nrg
Bangles,Bangles,6cCpaDYJmsHwQD9GTIGHfT,
Barbra-Streisand,Barbra-Streisand,7jmTilWYlKOuavFfmQAcu6,adult-standards
Barricada,Barricada,5llr3wJl6JrJoHSJAR804R,rock-urbano
Barry-White,Barry-White,3rfgbfpPSfXY40lzRK7Syt,disco;-soul;-quiet-storm;-philly-soul
Beastie-Boys,Beastie-Boys,03r4iKL2g2442PT9n2UKsx,rap-rock;-east-coast-hip-hop;-hip-hop
Beatriz-Luengo,Beatriz-Luengo,23cijmutocNvhM5xkcyyFF,
Bebe,Bebe,2byU53ebtTxcAnIRE814Ts,
Bebe-Rexha,Bebe-Rexha,64M6ah0SkkRsnPGtGiRAbb,
Bebo-Valdés,Bebo-Valdés,3qeECzqe5c7ssusMaDdwbj,latin-jazz;-flamenco;-son-cubano;-bolero;-cha-cha-cha
Beck,Becky-G,4obzFoKoKRHIphyHzJ35G3,reggaeton;-latin
Bee-Gees,Bee-Gees,1LZEQNv7sE11VDY3SdxQeN,disco
Belén-Arjona,Belen-Arjona,7fSmMNbD8rf6X6X0RNoiVN,
Belinda-Carlisle,Belinda-Carlisle,7xkAwz0bQTGDSbkofyQt3U,
Ben-Harper,Ben-Harper,45lorWzrKLxfKlWpV7r9CN,surf-rock
Benny-Goodman,Benny-Goodman,1pBuKaLHJlIlqYxQQaflve,big-band;-swing-music;-jazz;-ragtime
Beret,Beret,0ZHPrnImGh4re3TbSNkoZl,
Beth,Ludwig-van-Beethoven,2wOqMjp9TyABvtHdOSOTUS,classical;-classical-piano;-chamber-music
Beyoncé,Beyoncé,6vWDO969PvNqNYHIOW5v0m,
Billie-Eilish,Billie-Eilish,6qqNVTkY8uBg9cP3Jd7DAH,
Billie-Holiday,Billie-Holiday,1YzCsTRb22dQkh9lghPIrp,jazz;-vocal-jazz;-jazz-blues;-big-band
Billy-Idol,Billy-Idol,7lzordPuZEXxwt9aoVZYmG,
Billy-Joel,Billy-Joel,6zFYqv1mOsgBRQbae3JJ9e,soft-rock
Bing-Crosby,Bing-Crosby,6ZjFtWeHP9XN7FeKSUe80S,christmas
Bizarrap,Bizarrap,716NhGYqD1jl2wI1Qkgq36,argentine-trap;-trap-latino;-urbano-latino
Björk,Björk,7w29UYBi0qsHi5RTcv3lmA,art-pop;-trip-hop
Black,BLACKPINK,41MozSoPIsD1dJM0CLPjZF,k-pop
Black-Eyed-Peas,Black-Eyed-Peas,1yxSLGMDHlW21z4YXirZDS,
Black-Sabbath,Black-Sabbath,5M52tdBnJaKSvOpJGz8mfZ,metal;-heavy-metal;-rock;-stoner-rock;-doom-metal;-hard-rock;-classic-rock
Blink-182,blink-182,6FBDaR13swtiWwGhX1WQsP,pop-punk;-punk;-emo-pop;-rock;-skate-punk;-emo
Blondie,Blondie,4tpUmLEVLCGFr93o8hFFIB,
Blur,Blur,7MhMgCo0Bl0Kukl93PZbYS,britpop;-madchester;-alternative-rock
Bob-Dylan,Bob-Dylan,74ASZWbe4lXaubB36ztrGX,folk-rock;-folk;-singer-songwriter;-roots-rock;-country-rock
Bob-Marley,Bob-Marley,6BH2lormtpjy3X9DyrGHVj,reggae;-roots-reggae;-rocksteady
Bobby-McFerrin,Bobby-McFerrin,2FjkZT851ez950cyPjeYid,
Bon-Iver,Bon-Iver,4LEiUm1SRbFMgfqnQTwUbQ,indie-folk
Bon-Jovi,Bon-Jovi,58lV9VcRSjABbAbfWS6skp,glam-metal;-rock
Boney-M.,Boney-M.,54R6Y0I7jGUCveDTtI21nb,disco
Bonnie-Tyler,Bonnie-Tyler,0SD4eZCN4Kr0wQk56hCdh2,
Boy-George,Boy-George,2BWfZGPtsjRlRp7JTDqI45,
Boyzone,Boyzone,6X9aYHnQ75YI8o08aoa0iS,
Brandi-Carlile,Brandi-Carlile,2sG4zTOLvjKG1PSoOyf5Ej,folk;-americana
Brian-Eno,Brian-Eno,7MSUfLeTdDEoZiJPDSBXgi,ambient;-art-rock;-krautrock;-minimalism;-drone;-glam-rock;-space-music
Brian-May,Brian-May,2NcbLU1bW55eahD0UgD7U3,
Britney-Spears,Britney-Spears,26dSoYclwsYLMAKD3tpOr4,pop
Bruce-Springsteen,Bruce-Springsteen,3eqjTLE0HfPfh78zjh6TqT,
Bruno-Mars,Bruno-Mars,0du5cEVh5yTK9QJze8zA0C,
Bryan-Adams,Bryan-Adams,3Z02hBLubJxuFJfhacLSDc,
Bryan-Ferry,Bryan-Ferry,5RNFFojXkPRmlJZIwXeKQC,glam-rock
Bryn-Christopher,Bryn-Christopher,7mWMzxN6IAIQ1tfFFtAiQv,
Buffalo-Springfield,Buffalo-Springfield,3eskO5m0H4yiF64vRySBjr,folk-rock;-country-rock
Buika,Buika,1gbXoccc8bjK8eUh92mILy,flamenco;-latin-jazz;-fado
Burning,Burning-Witches,0eNuNAhL4dW2nvKbSe2mS8,power-metal;-heavy-metal;-metal
C.-Tangana,C.-Tangana,5TYxZTjIPqKM8K8NuP9woO,
Caetano-Veloso,Caetano-Veloso,7HGNYPmbDrMkylWqeFCOIQ,mpb;-bossa-nova;-samba
Café-Quijano,Café-Quijano,2ECP3nWC88LaFz4oQzTo3Z,bolero;-rock-en-español
Café-Tacuba,Café-Tacvba,09xj0S68Y1OU1vHMCZAIvz,rock-en-español;-mexican-rock;-latin-rock;-latin-alternative;-ska
Calvin-Harris,Calvin-Harris,7CajNmpbOovFoOoasH2HaY,edm
Camila,Camila,2gRP1Ezbtj3qrERnd0XasU,latin-pop
Camila-Cabello,Camila-Cabello,4nDoRrQiYLoBzwC5BhVJzF,
Camilo-Sesto,Camilo-Sesto,2Cy7KBSkqu7otJfuMTWT7Y,bolero
Cardi-B,Cardi-B,4kYSro6naA4h99UJvo89HB,
Carla-Bruni,Carla-Bruni,1HVwzNriKEjaeE06okqSpx,french-jazz;-chanson
Carlinhos-Brown,Carlinhos-Brown,5jvQoouPSDvUEwynz5KPpv,axé
Carlos-Baute,Carlos-Baute,3smfreCkyJt7bShaTYpG77,latin-pop
Carlos-Cano,Santana,6GI52t8N5F02MxU0g5U69P,
Carlos-Jean,Jean-Carlos-Centeno,2w1UJL5kYJJkvjo71fQjOB,vallenato
Carlos-Núñez,Carlos-Núñez,3e09WanUMwtc9XfZRLvZ30,celtic;-traditional-music
Carlos-Vives,Carlos-Vives,4vhNDa5ycK0ST968ek7kRr,colombian-pop;-vallenato;-latin;-latin-pop
Carpenters,Carpenters,1eEfMU2AhEo7XnKgL7c304,christmas;-adult-standards
Cat-Stevens,Yusuf-/-Cat-Stevens,08F3Y3SctIlsOEmKd6dnH8,folk-rock;-folk;-singer-songwriter
Celia-Cruz,Celia-Cruz,2weA6hhVqTIN2gSn9PUB9U,salsa;-son-cubano;-bolero;-cha-cha-cha;-merengue;-mambo;-latin;-latin-dance
Celine-Dion,Céline-Dion,4S9EykWXhStSc15wEx8QFK,variété-française
Celtas-Cortos,Celtas-Cortos,3hIPQBm8PBt8B5aahP6cVP,celtic-rock;-celtic
Cepeda,Cepeda,5AMBCoLbNgVCbA3XYMRlks,
Chambao,Chambao,2qhLqZ1pkiUl5HNrU2Nz0R,flamenco;-flamenco-pop
Chanel,JB-The-Voice,7vA5AqDrKvwuqhLJVQSdUu,
Charles-Aznavour,Charles-Aznavour,2hgP9Ap2tc10R5jrQaEpMT,chanson;-variété-française;-french-jazz
Charlie-Puth,Charlie-Puth,6VuMaDnrHyPL1p4EHjYLi7,soft-pop;-pop
Chavela-Vargas,Chavela-Vargas,0WC6O2ZzUcDYvcmt2mGh8c,bolero;-trova;-ranchera;-mariachi;-latin-folk
Chayanne,Chayanne,1JbemQ1fPt2YmSLjAFhPBv,latin-pop
Chema-Vargas,Chema-Vargas,4AxZSEZepXPN1YGg6AqKPI,singer-songwriter
Chenoa,Chenoa,0i3ypO6G38iZmANDHWZxlY,
Cher,Cher,72OaDtakiy6yFqkt4TsiFt,
Chicago,Chicago,3iDD7bnsjL9J4fO298r0L0,soft-rock
Chris-Brown,Chris-Brown,7bXgB6jMjp9ATFy66eO08Z,r&b
Chris-Isaak,Chris-Isaak,7290H8m1Dwt8G7jm1y9CQx,
Chris-Martin,Chris-Martin,0LQoZQIV0mIs0y0XQb0Sw2,
Chris-Rea,Chris-Rea,5KEG7G8LDYlHgFDqZyEEs2,christmas
Christina-Aguilera,Christina-Aguilera,1l7ZsJRRS8wlW3WfJfPfNS,
Christina-Rosenvinge,Christina-Rosenvinge,7MignPwWd7ZxlPi54KtLpp,
Christopher-Cross,Christopher-Cross,695W5F2Ih8dYahLdjVOIoH,soft-rock
Chuck-Berry,Chuck-Berry,293zczrfYafIItmnmM3coR,rockabilly;-rock-and-roll
Coldplay,Coldplay,4gzpq5DPGxSnKTe4SA8HAU,
Cómplices,Cómplices,4VIU80QkcrMEdKoiWmnWvr,rock-en-español;-latin-rock
Coque-Malla,Coque-Malla,2VR9eUwDCe6jccal0ZQ5FV,singer-songwriter
Corinne-Bailey-Rae,Corinne-Bailey-Rae,29WzbAQtDnBJF09es0uddn,
Coti,Coti,1OUDQLymoysITxprkd0Qvj,argentine-rock;-latin-pop
Counting-Crows,Counting-Crows,0vEsuISMWAKNctLlUAhSZC,
Courtney-Love,Courtney-Love,4vI0xGbQl2cMnMiagUEBOj,grunge
Coyote-Dax,Coyote-Dax,5suCFlGHpWS0iXRzNbHV6V,
Craig-David,Craig-David,2JyWXPbkqI5ZJa3gwqVa0c,
Cream,Cream,74oJ4qxwOZvX6oSsu1DGnw,classic-rock;-psychedelic-rock;-acid-rock;-blues-rock
Creed,Creed,43sZBwHjahUvgbx1WNIkIz,post-grunge
Creedence-Clearwater-Revival,Creedence-Clearwater-Revival,3IYUhFvPQItj6xySrBmZkd,classic-rock;-southern-rock;-country-rock
Crowded-House,Crowded-House,7ohlPA8dRBtCf92zaZCaaB,
Culture-Club,Culture-Club,6kz53iCdBSqhQCZ21CoLcc,
Cyndi-Lauper,Cyndi-Lauper,2BTZIqw0ntH9MvilQ3ewNY,
Daddy-Yankee,Daddy-Yankee,4VMYDCV2IEDYJArk749S6m,reggaeton;-latin
Dani-Martín,Dani-Martín,3AIPhNgeF9S1Kyg9Yy3UQW,
Danza-invisible,Danza-Invisible,1MK9J20Op7jFgUDbLiy6m2,rock-en-español
Darkness,DarknessMX,6xzjmDZQioHF8HgQkdEFr0,
Dave-Grohl,Dave-Grohl,7mRVAzlt1fAAR9Cut6Rq8c,
David-Bisbal,David-Bisbal,5gOJTI4TusSENizxhcG7jB,latin-pop
David-Bowie,David-Bowie,0oSGxfWSnnOXhD2fKuz2Gy,glam-rock;-art-rock
David-Bustamante,Bustamante,1VfKauu6JYTUrApbJXU0zo,
David-Civera,David-Civera,2DxcVfyMWELUI4yPBxgoZF,
David-DeMaria,David-DeMaría,6oaqXcTI16QinRDKLtkMaI,flamenco-pop;-flamenco
David-Gilmour,David-Gilmour,2FcC4sDMXme2ziI7tGKMK8,progressive-rock;-symphonic-rock
David-Guetta,David-Guetta,1Cs0zKBU1kc0i8ypK3B9ai,edm;-dance
Deacon-Blue,Deacon-Blue,5jqKIZLB5WA5KquEihB3ND,
Decai,Decai,2HFVE11OC3J6jXcmrXkWHV,flamenco-pop;-flamenco;-flamenco-urbano
Deep-Purple,Deep-Purple,568ZhdwyaiCyOGJRtNYhWf,hard-rock;-classic-rock;-rock
Def-Con-Dos,Def-Con-Dos,1O4hqQz2nV0jrlF9VEFBNK,rap-metal
Def-Leppard,Def-Leppard,6H1RjVyNruCmrBEWRbD0VZ,glam-metal;-glam-rock;-classic-rock
Deftones,Deftones,6Ghvu1VvMGScGpOUJBAHNH,nu-metal;-alternative-metal;-rap-metal;-shoegaze
Demi-Lovato,Demi-Lovato,6S2OmqARrzebs0tKUEyXyp,
Depeche-Mode,Depeche-Mode,762310PdDnwsDxAQxzQkfX,new-wave;-synthpop;-darkwave
Despistaos,Despistaos,0QE9iXPzgSaBq34OqIZ4n2,
Destiny's-Child,Destiny's-Child,1Y8cdNmUJH7yBTd9yOvr5i,
Diana-Krall,Diana-Krall,5z1VAFwT35EVvCp1XlZZuL,vocal-jazz;-jazz;-smooth-jazz
Diana-Navarro,Diana-Navarro,2UPK6yJypnotLzHuUBiVa2,flamenco;-flamenco-pop
Diana-Ross,Diana-Ross,3MdG05syQeRYPPcClLaUGl,motown;-disco
Dido,Dido,2mpeljBig2IXLXRAFO9AAs,
Diego-Torres,Diego-Torres,0LALueHEQunQ2d61fXGeZh,latin-pop;-colombian-pop
Diego-Vasallo,Diego-Vasallo,17AoFB11k5GLC8TFO7o7O8,
Diplo,Diplo,5fMUXHkw8R8eOP2RNVYEZX,moombahton
Dire-Straits,Dire-Straits,0WwSkZ7LtFUFjGjMZBMt6T,classic-rock
DJ-Khaled,DJ-Khaled,0QHgL1lAIqAw0HtD7YldmP,
Dolly-Parton,Dolly-Parton,32vWCbZh0xZ4o9gkz4PsEU,country
Dolores-O'Riordan,Dolores-O'Riordan,55s643XPig11NyYM8do64C,
Donna-Summer,Donna-Summer,2eogQKWWoohI3BSnoG7E2U,disco;-hi-nrg
Donovan,Donovan,6vLlQYujOujIrm7zAKzEdG,folk-rock;-psychedelic-rock
Dover,Dover,5kdLOinhQnlSk4su7U6lyW,
Dr.-Dre,Dr.-Dre,6DPYiyq5kWVQS4RGwxzPC7,g-funk;-gangster-rap;-west-coast-hip-hop;-hip-hop;-rap
Drake,Drake,3TVXtAsR1Inumwj472S9r4,rap
Dua-Lipa,Dua-Lipa,6M2wZ9GZgrQXHCFfjv46we,pop
Duffy,Duffy,37NqXwtb6nIEqRt4EJSoIO,
Dulce-Pontes,Dulce-Pontes,3d5RmASP3q3rt8izEWDt8w,fado
Duncan-Dhu,Duncan-Dhu,2MLHBMApNE5h8wIufiTPs7,rock-en-español;-latin-rock
Dúo-Dinámico,Duo-Dinamico,1TiGxAkU8w0xBCVFOP6Ttl,
Duran-Duran,Duran-Duran,0lZoBs4Pzo7R89JM9lxwoT,new-wave;-synthpop
Dvicio,Dvicio,2KxjMGXFgX1vt9grpbD3xI,
Eagles,Eagles,0ECwFtbIWEVNwjlrfc6xoL,classic-rock;-soft-rock
Ed-Sheeran,Ed-Sheeran,6eUKZXaKkcviH0Ku9w2n3V,soft-pop
Eddie-Money,Eddie-Money,4Tw2N3wdvJPGEU7JqMxFfE,classic-rock
Eddy-Grant,Eddy-Grant,6j2HWcd7z61iTLbi8eD0hA,
Edurne,Edurne,1RpT4SSsNAr0JaSvvwNkgh,
Efecto-mariposa,Efecto-Mariposa,2fFrIDTV1Tk8MwAv4OJiY5,
El-Arrebato,El-Arrebato,2dJyJptNE5bMmbN6z08iNJ,flamenco;-flamenco-pop
El-Barrio,El-Barrio,0fM3rWsshliRFUmJlBP6QZ,flamenco;-flamenco-pop
El-canto-del-loco,El-Canto-Del-Loco,5RK6c1tyaKpwcDpbgCGNgj,
El-Drogas,El-Drogas,5jJWnRLQeU7fe9VaDjpIWK,rock-urbano
El-sueño-de-Morfeo,El-Sueño-de-Morfeo,2BObknRAxgoXmrf6MkO7VR,
El-último-de-la-fila,El-Último-De-La-Fila,2jMYTBTCSNYaCYy54mLc6I,rock-en-español
Ella-baila-sola,Ella-Baila-Sola,6xvRfsmnwd0qcDUomtlmAt,
Ella-Fitzgerald,Ella-Fitzgerald,5V0MlUE1Bft0mbLlND7FJz,vocal-jazz;-jazz;-swing-music;-jazz-blues;-big-band;-christmas
Ellie-Goulding,Ellie-Goulding,0X2BH1fck6amBIoJhDVmmJ,
ELO,Electric-Light-Orchestra,7jefIIksOi1EazgRTfW2Pk,symphonic-rock;-art-rock
Elton-John,Elton-John,3PhoLpVuITZKcymswpck5b,
Elvis-Costello,Elvis-Costello,2BGRfQgtzikz1pzAD0kaEn,power-pop
Elvis-Presley,Elvis-Presley,43ZHCT0cAZBISjO8DG9PnE,rockabilly;-rock-and-roll
Enanitos-verdes,Los-Enanitos-Verdes,4TK1gDgb7QKoPFlzRrBRgR,rock-en-español;-latin-rock;-argentine-rock;-mexican-rock;-latin-alternative
Enigma,Enigma,3DmG65yHQsMms7WAvrZOdt,new-age;-gregorian-chant
Enrique-Bunbury,Bunbury,4uqzzJg3ww5eH7IgGV7DMT,rock-en-español;-latin-rock;-mexican-rock
Enrique-Iglesias,Enrique-Iglesias,7qG3b048QCHVRO5Pv1T5lw,latin-pop;-latin
Enya,Enya,6uothxMWeLWIhsGeF7cyo4,new-age;-celtic
Erasure,Erasure,0z5DFXmhT4ZNzWElsM7V89,synthpop;-new-wave
Eric-Clapton,Eric-Clapton,6PAt558ZEZl0DmdXlnjMgD,blues;-blues-rock;-classic-rock
Eros-Ramazzotti,Eros-Ramazzotti,61J0BktHv7PuP3tjTPYXSX,italo-dance
Erreway,Erreway,0gcn3HLEtMkH06w4GUxzG3,
Estopa,Estopa,5ZqnEfVdEGmoPxtELhN7ai,flamenco;-flamenco-pop
Eternal,Eternal,7zYGAXxAaq15C9eM29M8Fj,new-jack-swing
Europe,Europe,7Js6Lde8thlIHXggv2SCBz,glam-metal
Eurythmics,Eurythmics,0NKDgy9j66h3DLnN8qu1bB,new-wave;-synthpop
Evanescence,Evanescence,5nGIFgo0shDenQYSE0Sn7c,alternative-metal
Extremoduro,Extremoduro,3bgsNtcf5d5h9jbQbohfBK,
Faith-Hill,Faith-Hill,25NQNriVT2YbSW80ILRWJa,country
Faithless,Faithless,5T4UKHhr4HGIC0VzdZQtAE,trip-hop
Fangoria,Fangoria,7CJiKj8TrQSms0WSCKbHm4,
Fats-Domino,Fats-Domino,09C0xjtosNAIXP36wTnWxd,rock-and-roll;-doo-wop;-rockabilly;-boogie-woogie
Fine-Young-Cannibals,Fine-Young-Cannibals,20p5D2KrE8CGuOjHtxsyTp,
Fito-Páez,Fito-Paez,1bZNv4q3OxYq7mmnLha7Tu,argentine-rock;-latin-rock;-rock-en-español;-trova
Fito-y-Fitipaldis,Fito-y-Fitipaldis,1tZ99AnqyjgrmPwLfGU5eo,
Fleetwood-Mac,Fleetwood-Mac,08GQAI4eElDnROBrJRGE0X,classic-rock;-soft-rock
Flo-Rida,Flo-Rida,0jnsk9HBra6NMjO2oANoPY,
Foo-Fighters,Foo-Fighters,7jy3rLJdDQY21OgRLCZ9sD,rock;-post-grunge;-alternative-rock;-grunge;-modern-rock
Fran-Perea,Fran-Perea,5ZmqtSfV4bMseeYE96i7Nt,
Franco-Battiato,Franco-Battiato,4lianjyuR1tqf6oUX8kjrZ,italian-singer-songwriter;-singer-songwriter
Frank-Ocean,Frank-Ocean,2h93pZq0e7k5yf4dywlkpM,
Frank-Sinatra,Frank-Sinatra,1Mxqyy3pSjf8kZZL4QVxS0,christmas;-big-band;-adult-standards;-swing-music;-vocal-jazz;-jazz
Frank-Zappa,Frank-Zappa,6ra4GIOgCZQZMOaUECftGN,progressive-rock;-art-rock;-jazz-fusion;-psychedelic-rock;-avant-garde;-experimental;-symphonic-rock
Franz-Ferdinand,Franz-Ferdinand,0XNa1vTidXlvJ2gHSsRi4A,indie-rock
Freddie-Mercury,Freddie-Mercury,4M1FpEWs2PeYfJe7xxJfhH,
Fugees,Fugees,2WKdxPFRD7IqZvlIAvhMgY,east-coast-hip-hop
Gabinete-Caligari,Gabinete-Caligari,112QHbB1xApqwVJR6n20xy,
Garbage,Garbage,6S0GHTqz5sxK5f9HtLXn9q,
Gemeliers,Gemeliers,3W50twtHMESiHoOf2wHgfw,
Genesis,Genesis,3CkvROUTQ6nRi9yQOcsB50,progressive-rock;-symphonic-rock;-art-rock
George-Benson,George-Benson,4N8BwYTEC6XqykGvXXlmfv,smooth-jazz;-jazz-funk;-soul-jazz
George-Harrison,George-Harrison,7FIoB5PHdrMZVC3q2HE5MS,
George-Michael,George-Michael,19ra5tSw0tWufvUp8GotLo,
Geri-Halliwell,Geri-Halliwell,5orH1OWgjAYUX8sZ5gihTv,
Gilberto-Gil,Gilberto-Santa-Rosa,27vNK840zYq6IfDijHPsv1,salsa;-salsa-romantica;-merengue
Gisela,Gisela,6SxnKPhYvkTKp2FtBzh6CI,
Gloria-Estefan,Gloria-Estefan,5IFCkqu9J6xdWeYMk5I889,
Gloria-Gaynor,Gloria-Gaynor,6V6WCgi7waF55bJmylC4H5,disco
Gloria-Trevi,Gloria-Trevi,1Db5GsIoVWYktPoD2nnPZZ,latin-pop
Gorillaz,Gorillaz,3AA28KZvwAUcZuOKwyblJQ,
Grace-Jones,Grace-Jones,2f9ZiYA2ic1r1voObUimdd,art-pop
Green-Day,Green-Day,7oPftvlwr6VrsViSDV7fJY,punk;-pop-punk
Guaraná,Guaraná,14xTevnO8kfFWuP8pXiykn,
Guns-N'-Roses,Guns-N'-Roses,3qm84nBOXUEQ2vnTfUTTFC,rock;-glam-metal;-hard-rock;-classic-rock
Gwen-Stefani,Gwen-Stefani,4yiQZ8tQPux8cPriYMWUFP,
Iggy-Azalea,Iggy-Azalea,5yG7ZAZafVaAlMTeBybKAL,
Iggy-Pop,Iggy-Pop,33EUXrFKGjpUSGacqEHhU4,proto-punk;-glam-rock
Il-Divo,Il-Divo,3KNZ9AOjBajjmr6ZR2VGfl,opera
Imagine-Dragons,Imagine-Dragons,53XhwfbYqKCa1cC15pYq2q,
Incubus,Incubus,3YcBF2ttyueytpXtEzn1Za,nu-metal;-funk-rock;-alternative-metal;-alternative-rock
India-Martínez,India-Martinez,6FOpWOxsjQxKEbLiJpU1xV,flamenco;-flamenco-pop
Inxs,INXS,1eClJfHLoDI4rZe5HxzBFv,
Irene-Cara,Irene-Cara,3oZa8Xs6IjlIUGLAhVyK4G,
Iron-Maiden,Iron-Maiden,6mdiAmATAx73kdxrNrnlao,heavy-metal;-metal;-hard-rock;-rock
Ismael-Serrano,Ismael-Serrano,4eyF2eDCunzeFykH90Ej34,trova;-singer-songwriter;-nueva-trova
Israel-Kamakawiwo'ole,Israel-Kamakawiwo'ole,4ogvuDRerGhZfSf7TtzHlr,
Iván-Ferreiro,Ivan-Ferreiro,3qUrABCNqnkb5gc2YmPVzP,indie
J-Balvin,J-Balvin,1vyhD5VmyZ7KMfW5gqLgo5,reggaeton;-latin
Jaguares,Jaguares,1RgXxY6uzWo9cjYYwwgVGq,rock-en-español;-mexican-rock;-latin-rock;-latin-alternative;-rock-urbano
Jaime-Urrutia,Jaime-Urrutia,21gW1NJCe2sHZ485DBDNlb,
James-Blunt,James-Blunt,7KMqksf0UMdyA0UCf4R3ux,
James-Brown,James-Brown,7GaxyUddsPok8BuhxN6OUW,soul;-motown;-funk
James-Morrison,James-Morrison,3LpLGlgRS1IKPPwElnpW35,
James-Taylor,James-Taylor,0vn7UBvSQECKJm2817Yf1P,folk-rock;-singer-songwriter;-soft-rock
Jamiroquai,Jamiroquai,6J7biCazzYhU3gM9j1wfid,acid-jazz
Janet-Jackson,Janet-Jackson,4qwGe91Bz9K2T8jXTZ815W,new-jack-swing
Janis-Joplin,Janis-Joplin,4NgfOZCL9Ml67xzM0xzIvC,classic-rock;-acid-rock;-psychedelic-rock
Jarabe-de-palo,Jarabe-De-Palo,5B6H1Dq77AV1LZWrbNsuH5,rock-en-español;-latin-rock;-latin-alternative
Jason-Derulo,Jason-Derulo,07YZf4WDAMNwqr4jfgOZ8y,
Javier-Krahe,Javier-Krahe,0ITsXq3KDg1zYk59QnN3rm,singer-songwriter;-trova
Jay-Z,JAY-Z,3nFkdlSjzX9mRTtwJOzDYB,hip-hop;-east-coast-hip-hop;-rap
Jean-Michel-Jarre,Jean-Michel-Jarre,5MhLmv7GgyjbxGqiIGasvT,new-age;-electronic;-space-music
Jennifer-Lopez,Jennifer-Lopez,2DlGxzQSjYe5N6G9nkYghR,
Jennifer-Paige,Jennifer-Paige,26PDtWYDJ1KD0brukKsJH1,
Jennifer-Rush,Jennifer-Rush,3fsCWTIuWIRvEGS7gerSJX,
Jerry-Lee-Lewis,Jerry-Lee-Lewis,2zyz0VJqrDXeFDIyrfVXSo,rockabilly;-rock-and-roll;-boogie-woogie
Jessica-Simpson,Jessica-Simpson,2tFN9ubMXEhdAQvdQxcsma,
Jethro-Tull,Jethro-Tull,6w6z8m4WXX7Tub4Rb6Lu7R,progressive-rock;-symphonic-rock;-art-rock;-classic-rock
Jewel,Jewel,6FbDoZnMBTdhhhLuJBOOqP,
Jim-Morrison,Jim-Morrison,1QB4oo4JbSRdxNyidIuD0W,spoken-word;-psychedelic-rock;-acid-rock
Jimi-Hendrix,Jimi-Hendrix,776Uo845nYHJpNaStv1Ds4,psychedelic-rock;-classic-rock;-acid-rock;-blues-rock
Jimmy-Page,Jimmy-Page,55bGuHb50r5c0PeqqMeNBV,blues-rock;-blues
Joan-Baez,Joan-Baez,1EevBGfUh3RSQSGpluxgBm,folk;-folk-rock;-singer-songwriter
Joan-Manuel-Serrat,Joan-Manuel-Serrat,1t7t8q4zoYHp22JLIx3FM7,trova;-nueva-trova;-singer-songwriter
João-Gilberto,João-Gilberto,77ZUbcdoU5KCPHNUl8bgQy,bossa-nova;-brazilian-jazz;-samba;-latin-jazz;-cool-jazz;-jazz;-mpb
Joaquín-Sabina,Joaquín-Sabina,4aeIWo5CMF1uRmqgJdwkZW,trova;-singer-songwriter;-nueva-trova
Joe-Cocker,Joe-Cocker,3pFCERyEiP5xeN2EsPXhjI,
John-Cale,John-Cale,5MWBg16f5UYiaSlyVhzlIW,art-rock;-baroque-pop;-proto-punk;-singer-songwriter
John-Fogerty,John-Fogerty,5ujCegv1BRbEPTCwQqFk6t,country-rock
John-Lee-Hooker,John-Lee-Hooker,1yNOfXGQNGjAynk77wv85x,blues;-classic-blues;-blues-rock;-country-blues;-soul-blues;-jazz-blues
John-Lennon,John-Lennon,4x1nvY2FN8jxqAFA0DA02H,christmas
John-Mayer,John-Mayer,0hEurMDQu99nJRq8pTxO14,singer-songwriter
John-Newman,John-Newman,34v5MVKeQnIo0CWYMbbrPf,
Johnny-Cash,Johnny-Cash,6kACVPfCOnqzgfEF5ryl0x,country
Johnny-Hallyday,Johnny-Hallyday,2HALYSe657tNJ1iKVXP2xA,variété-française;-chanson;-french-pop
Jon-Secada,Jon-Secada,10n1KB2sjTrGdyuC83y8jW,
Jonas-Brothers,Jonas-Brothers,7gOdHgIoIKoe4i9Tta6qdD,
Jorge-Drexler,Jorge-Drexler,4ssUf5gLb1GBLxi1BhPrVt,trova;-singer-songwriter;-nueva-trova;-latin-folk
José-Feliciano,José-Feliciano,7K78lVZ8XzkjfRSI7570FF,christmas;-bolero
José-José,José-José,4mN0qcMxWX8oToqfDPM5yV,bolero;-bacardi
Juan-Luis-Guerra,Juan-Luis-Guerra-4.40,3nlpTZci9O5W8RsNoNH559,merengue;-bachata;-salsa
Juan-Magán,Juan-Magán,1ackd5XprZEkH3McKbQD51,reggaeton;-latin
Juan-Perro,Juan-Perro,6r3JyEDH6cQyEhcUfTshpt,
Juanes,Juanes,0UWZUmn7sybxMCqrw9tGa7,latin-pop;-colombian-pop;-rock-en-español
Judas-Priest,Judas-Priest,2tRsMl4eGxwoNabM08Dm4I,heavy-metal;-metal;-hard-rock;-glam-metal;-speed-metal
Juice-WRLD,Juice-WRLD,4MCBfE4596Uoi2O4DtmEMz,melodic-rap;-emo-rap
Julieta-Venegas,Julieta-Venegas,2QWIScpFDNxmS6ZEMIUvgm,latin-pop;-latin-rock
Julio-Iglesias,Julio-Iglesias,4etuCZVdP8yiNPn4xf0ie5,bolero
Justin-Bieber,Justin-Bieber,1uNFoZAHBGtllmzznpCI3s,
Justin-Timberlake,Justin-Timberlake,31TPClRtHm23RisEBtV3X7,
Kaiser-Chiefs,Kaiser-Chiefs,0LbLWjaweRbO4FDKYlbfNt,britpop;-indie-rock
Kaka-de-Luxe,Kaka-de-Luxe,4mM3tGIzpscUCNTdDJq2pd,
Kansas,Kansas,2hl0xAkS2AIRAu23TVMBG1,classic-rock;-progressive-rock;-album-rock
Kanye-West,Kanye-West,5K4W6rqBFWDnAN6FQUkS6x,rap
Karol-G,KAROL-G,790FomKkXshlbRYZFtlgla,reggaeton;-latin;-urbano-latino
Kasabian,Kasabian,11wRdbnoYqRddKBrpHt4Ue,britpop;-indie;-indie-rock
Kate-Ryan,Kate-Ryan,47BNWfpngeFHYvBlPPyraM,eurodance;-europop
Katy-Perry,Katy-Perry,6jJ0s89eD6GaHleKKya26X,pop
Keane,Keane,53A0W3U0s8diEn9RhXQhVz,
Keith-Richards,Keith-Richards,08avsqaGIlK2x3i2Cu7rKH,
Kelly-Clarkson,Kelly-Clarkson,3BmGtnKgCSGYIUhmivXKWX,christmas
Kelly-Price,Kelly-Price,49FeZO3eSrJs7oH7lYLU1r,r&b
Kelly-Rowland,Kelly-Rowland,3AuMNF8rQAKOzjYppFNAoB,
Kendrick-Lamar,Kendrick-Lamar,2YZyLoL8N0Wb9xBt1NhZWg,hip-hop;-west-coast-hip-hop
Kenny-G,Kenny-G,6I3M904Y9IwgDjrQ9pANiB,smooth-jazz;-christmas
Kenny-Rogers,Kenny-Rogers,4tw2Lmn9tTPUv7Gy7mVPI4,country
Kesha,Kesha,6LqNN22kT3074XbTVUrhzX,
Ketama,Ketama,5s9GgX51pD0YhcsQRSYlpF,flamenco;-flamenco-pop
Kiko-Veneno,Kiko-Veneno,5TDssiSO1YPd3BINGZx3XP,flamenco;-flamenco-pop
Kim-Petras,Kim-Petras,3Xt3RrJMFv5SZkCfUE8C1J,
Kings-of-Leon,Kings-of-Leon,2qk9voo8llSGYcZ6xrBzKx,modern-rock
Kiss,KISS,07XSN3sPlIlB2L2XNcTwJw,glam-metal;-glam-rock;-hard-rock;-rock;-classic-rock
Kurt-Cobain,Kurt-Cobain,6pAuTi6FXi6qFQJ1dzMXQs,grunge
Kylie-Minogue,Kylie-Minogue,4RVnAU35WRWra6OZ3CbbMA,dance-pop
La-cabra-mecánica,La-Cabra-Mecanica,1g2kmC27Pg8fcsT3O9ecje,flamenco;-flamenco-pop
La-Fuga,La-Fuga,5YyScSZOuBHpoFhGvHFedc,
La-Oreja-de-Van-Gogh,La-Oreja-de-Van-Gogh,4U7lXyKdSf1JbM1aXvsodC,latin-pop
La-Polla-Records,La-Polla-Records,3vHlZN6pTa2zOl2eVxiEdJ,punk;-ska-punk;-ska
La-quinta-estación,La-Quinta-Estacion,7FZj349hdLfD6qzXkJLuAh,latin-pop
La-Unión,La-Unión,2Ax9wZpdlg4r2zkc3pcI8U,rock-en-español;-latin-rock
Lady-Gaga,Lady-Gaga,1HY2Jd0NmPuamShAr6KMms,art-pop;-pop
Lana-Del-Rey,Lana-Del-Rey,00FQb4jTyendYWaN8pK0wa,
Las-Ketchup,Las-Ketchup,1e8GEl48ktvfDpruMKB6Oe,
Laura-Branigan,Laura-Branigan,4463nfFMmK1cwAWBQDwT5e,
Laura-Pausini,Laura-Pausini,2e4nwiX8ZCU09LGLOpeqTH,latin-pop;-italo-dance
Led-Zeppelin,Led-Zeppelin,36QJpDe2go2KgaRleHCDTp,classic-rock;-rock;-hard-rock;-rock-and-roll
Leiva,Leiva,5Hsv8dUHHOdnn72q4XIVz7,
Lenny-Kravitz,Lenny-Kravitz,5gznATMVO85ZcLTkE9ULU7,
Leona-Lewis,Leona-Lewis,5lKZWd6HiSCLfnDGrq9RAm,
Leonard-Cohen,Leonard-Cohen,5l8VQNuIg0turYE1VtM9zV,singer-songwriter
Leonor-Watling,Leonor-Watling,3Ugtds1yOqfTzTwP9iHFZ3,
Level-42,Level-42,0L9xkvBPcEp1nrhDrodxc5,synthpop
Liam-Gallagher,Liam-Gallagher,6sN51vEARnAAdBw1IKZ8Q9,britpop;-madchester;-acoustic-rock
Liam-Payne,Liam-Payne,5pUo3fmmHT8bhCyHE52hA6,
Lil-Nas-X,Lil-Nas-X,7jVv8c5Fj3E9VhNjxT4snq,
Lil-Wayne,Lil-Wayne,55Aa2cqylxrFIXC767Z865,rap;-hip-hop
Lily-Allen,Lily-Allen,13saZpZnCDWOI9D4IJhp1f,
Limahl,Limahl,7LTzUnZaptYfAFmvqW5M6D,synthpop
Linkin-Park,Linkin-Park,6XyY86QOPPrYVGvF9ch6wz,nu-metal;-rap-metal;-rock;-alternative-metal
Lionel-Richie,Lionel-Richie,3gMaNLQm7D9MornNILzdSl,motown
Lisa-Stansfield,Lisa-Stansfield,2jS7I1u7BpgWT9ssG62Zr1,
Little-Richard,Little-Richard,4xls23Ye9WR9yy3yYMpAMm,rockabilly;-rock-and-roll;-doo-wop;-boogie-woogie
Liza-Minelli,Liza-Minnelli,3lQpSzdPxoF1FYk7ilbe37,
Lizzo,Lizzo,56oDRnqbIiwx4mymNEv7dS,
Lola-Índigo,Lola-Indigo,3bvfu2KAve4lPHrhEFDZna,
Loquillo,Loquillo,5Fv0DQ1ZBuc2DlidtOUCZr,
Loquillo-y-Trogloditas,Loquillo-Y-Los-Trogloditas,4EM1gc21UrYHQ3eal963Xl,
Lori-Meyers,Lori-Meyers,3mOsjj1MhocRVwOejIZlTi,indie
Los-Fabulosos-Cadillacs,Los-Fabulosos-Cadillacs,2FS22haX3FYbyOsUAkuYqZ,rock-en-español;-latin-rock;-ska;-argentine-rock;-latin-alternative;-mexican-ska
Los-Lobos,Los-Lobos,6OWapcJm9xd55ci9CYbAuT,roots-rock
Los-Nikis,Los-Nikis,7EoOjJbAGBo3TCBdkHoX77,
Los-Planetas,Los-Planetas,0N1TIXCk9Q9JbEPXQDclEL,
Los-Rodríguez,Los-Rodriguez,3XkJyJgJDxnjdQgH0zfT8K,latin-rock;-argentine-rock;-rock-en-español
Los-Ronaldos,Los-Ronaldos,1OTnb625gMBm5NsLYAdUEm,
Los-secretos,Los-Secretos,2KEDbpUlz9nwtGywHT4gyf,
Los-Suaves,Los-Suaves,1Z3i5hUtelWqBwEA1RoWhL,rock-urbano
Los-Toreros-Muertos,Los-Toreros-Muertos,6o3v1RDHCgICZ7I4y1BtJI,rock-en-español;-latin-rock
Lou-Bega,Lou-Bega,46lnlnlU0dXTDpoAUmH6Qx,
Lou-Reed,Lou-Reed,42TFhl7WlMRXiNqzSrnzPL,glam-rock;-proto-punk
Louis-Armstrong,Louis-Armstrong,19eLuQmk9aCobbVDHc6eek,jazz;-swing-music;-big-band;-vocal-jazz;-jazz-blues
Love-of-Lesbian,Love-of-Lesbian,6VCoG3MG7ZKRxDjaYOvtrF,indie
Luar-Na-Lubre,Luar-Na-Lubre,5JqaR50nAadSYO26G1x97a,celtic;-folk;-traditional-music;-medieval
Lucie-Silvas,Lucie-Silvas,57HiMjhnxdJflQodRyC5Ju,
Lucrecia,Lucrecia,2lylnjEoxCfNCh8LU6BQ14,son-cubano;-salsa;-bolero
Luis-Eduardo-Aute,Luis-Eduardo-Aute,67h1eGw2OFs89l8EnaOdoS,trova;-nueva-trova;-singer-songwriter
Luis-Fonsi,Luis-Fonsi,4V8Sr092TqfHkfAA5fXXqG,latin
Luis-Miguel,Luis-Miguel,2nszmSgqreHSdJA3zWPyrW,mariachi;-bolero;-latin-pop
Luz,Luz-Casal,1HUbv0v2f9HNE6qIbB35El,
M-clan,M-Clan,4oVqMVHC03xnYJ7fyb1dh6,
Mac-Miller,Mac-Miller,4LLpKhyESsyAXpc4laK94U,
Macaco,Macaco,7mUBMaZW1MXGswaneb0JTT,spanish-language-reggae;-latin-alternative
Madcon,Madcon,6c4sUNBgdonFJz8Kx2VsGz,norwegian-hip-hop
Madness,Madness,4AYkFtEBnNnGuoo8HaHErd,ska
Madonna,Madonna,6tbjWDEIzxoDsBA1FuhfPW,
Mago-de-Oz,Mägo-de-Oz,5ZNxiPcbKgaNcBrERMpqeu,rock-en-español;-folk-metal;-rock-urbano;-celtic-rock;-mexican-rock
Maldita-Nerea,Maldita-Nerea,3heR1it0slFXjaa7E62zpw,
Malú,Malú,3TLGNOdp1UWYMnV5XG9HkR,flamenco-pop;-flamenco
Maluma,Maluma,1r4hJ1h58CWwUQe3MxPuau,reggaeton;-latin;-urbano-latino
Maná,Maná,7okwEbXzyT2VffBmyQBWLz,rock-en-español;-latin-rock;-mexican-rock;-latin-pop
Manic-Street-Preachers,Manic-Street-Preachers,2uH0RyPcX7fnCcT90HFDQX,britpop
Manolo-García,Manolo-Garcia,4eBTqTx5ssOK5YwmijmfU4,flamenco;-flamenco-pop
Manolo-Tena,Manolo-Tena,7gyFPwPjI8N3wIyTghT7xw,trova;-nueva-trova
Manowar,Manowar,4CzUzn54Cp9TQr6a7JIlMZ,power-metal;-heavy-metal;-metal;-hard-rock;-speed-metal
Manu-Chao,Manu-Chao,6wH6iStAh4KIaWfuhf0NYM,latin-alternative
Manu-Tenorio,Manu-Tenorio,0vz78iHqEmr4rjXhgKTPF7,flamenco;-flamenco-pop
Manuel-Carrasco,Manuel-Carrasco,7qAoXV4U0qDxQAUqhszjAA,flamenco;-flamenco-pop
Manuel-Turizo,Manuel-Turizo,0tmwSHipWxN12fsoLcFU3B,reggaeton;-pop-urbano;-latin;-colombian-pop
Marc-Anthony,Marc-Anthony,4wLXwxDeWQ8mtUIRPxGiD6,salsa;-salsa-romantica;-merengue;-bachata;-latin
Marea,Marea,5EBH204cwRkvAWknwTAjCQ,rock-urbano
María-Becerra,Maria-Becerra,1DxLCyH42yaHKGK3cl5bvG,argentine-trap
Mariah-Carey,Mariah-Carey,4iHNK0tOyZPYnBU7nGAgpQ,christmas
Marie-Fredriksson,Marie-Fredriksson,4YkPXMsmFf3K2XFHPddqFU,swedish-ballads
Marilyn-Manson,Marilyn-Manson,2VYQTNDsvvKN9wmU5W7xpj,industrial-metal;-industrial-rock;-industrial;-metal;-nu-metal
Mark-Knopfler,Dire-Straits,0WwSkZ7LtFUFjGjMZBMt6T,classic-rock
Mark-Ronson,Mark-Ronson,3hv9jJF3adDNsBSIQDqcjp,
Marlango,Marlango,1sssLDz8bNSqKkW1zndP0D,
Maroon-5,Maroon-5,04gDigrS5kc9YWfZHwBETP,pop
Marta-Botía,Marta-Botía-Alonso,2r9hJHnmCP68Lz5X7x8CLW,
Marta-Sánchez,Marta-Sánchez,368rTiMKMrz3b03az6B14w,latin-pop
Martin-Garrix,Martin-Garrix,60d24wfXkVzDSfLS6hyCjZ,edm;-electronica;-progressive-house
Marvin-Gaye,Marvin-Gaye,3koiLjNrgRTNbOwViDipeA,motown;-soul;-northern-soul;-quiet-storm
Massive-Attack,Massive-Attack,6FXMGgJwohJLUSr5nVlf9X,trip-hop;-downtempo
Meat-Loaf,Meat-Loaf,7dnB1wSxbYa8CejeVg98hz,
Mecano,Mecano,5BMgsAFg8rZQc3tqs5BB8G,rock-en-español;-latin-pop
Medina-Azahara,Medina-Azahara,72XPmW6k6HZT6K2BaUUOhl,rock-urbano;-flamenco-pop;-flamenco
Meghan-Trainor,Meghan-Trainor,6JL8zeS1NmiOftqZTRgdTz,
Mel-B,Mel-B,2vJU4d2jRQb4zJJIQRkyDB,
Melendi,Melendi,1EXjXQpDx2pROygh8zvHs4,flamenco;-flamenco-pop
Melocos,Melocos,0z6j39UlwCJvfqNzgB55v5,
Melon-Diesel,Melon-Diesel,7vL2cUa3hRkdJzxxDsKHyF,
Men-at-Work,Men-At-Work,0f3EsoviYnRKTkmayI3cux,
Mercedes-Sosa,Mercedes-Sosa,2HvyR5FsU37QMqVzIbGwl7,trova;-folklore-argentino;-nueva-trova;-latin-folk;-singer-songwriter
Merche,Merche,27a2VPd27oQbqE2TdiZVTo,
Metallica,Metallica,2ye2Wgw4gimLv2eAKyk1NB,metal;-thrash-metal;-rock;-heavy-metal;-hard-rock
Miami-Sound-Machine,Miami-Sound-Machine,18xgcedCGxFbqLbIQn5R8F,
Michael-Bolton,Michael-Bolton,6YHEMoNPbcheiWS2haGzkn,soft-rock
Michael-Bublé,Michael-Bublé,1GxkXlMwML1oSg5eLPiAz3,christmas
Michael-Jackson,Michael-Jackson,3fMbdgg4jU18AjLCKBhRSm,
Michael-Stipe,Michael-Stipe,0kOzA3bhyRUQz8wKe7AxIe,
Michel-Teló,Michel-Teló,1sDVuztNhGcetCLChkleDA,sertanejo;-sertanejo-universitário;-sertanejo-tradicional
Mick-Jagger,Mick-Jagger,3d2pb1dHTm8b61zAGVUVvO,
Miguel-Bosé,Miguel-Bosé,7mWCSSOYqm4E9mB7V4ot6S,latin-pop
Miguel-Ríos,Miguel-Ríos,1dpnxi6xgoB2kaRYnnoatZ,rock-en-español;-trova
Mika,MIKA,5MmVJVhhYKQ86izuGHzJYA,
Mike-Oldfield,Mike-Oldfield,562Od3CffWedyz2BbeYWVn,progressive-rock;-new-age;-symphonic-rock
Mike-Posner,Mike-Posner,2KsP6tYLJlTBvSUxnwlVWa,
Mikel-Erentxun,Mikel-Erentxun,7thnnayFyJnVOAJrpe5wMC,rock-en-español;-latin-rock
Miles-Davis,Miles-Davis,0kbYTNQb4Pb1rPbbaF0pT4,jazz;-cool-jazz;-hard-bop;-bebop;-jazz-fusion;-jazz-blues;-free-jazz
Miley-Cyrus,Miley-Cyrus,5YGY8feqx7naU7z4HrwZM6,
Miliki,Miliki,2dOmrWp5gdYx79GS90k6FR,
Miranda-Lambert,Miranda-Lambert,66lH4jAE7pqPlOlzUKbwA0,country
Miranda-Warning,Miranda-Warning,2h5Swqw9IbER44tsebHpHb,
Miss-Caffeina,Miss-Caffeina,1uvhwixGrZkuT2gpQQWgYb,indie
Missy-Elliot,Missy-Elliott,2wIVse2owClT7go1WT98tk,hip-hop
Mocedades,Mocedades,4Sm7JCttzWMwHJtb3UJ8SY,trova
Modern-Talking,Modern-Talking,79bxUQsBIXO8nVLB9fYKf7,italo-disco;-europop;-eurodance
Mojinos-Escozíos,Mojinos-Escozios,41vHguv5A56arhiVNrMW4z,
Molotov,Molotov,27Owkm4TGlMqb0BqaEt3PW,rock-en-español;-mexican-rock;-latin-rock;-ska;-latin-alternative;-mexican-hip-hop;-latin-hip-hop
Mónica-Naranjo,Monica-Naranjo,0zGM73sadbAOBLev02P8LO,latin-pop
Morat,Morat,5C4PDR4LnhZTbVnKWXuDKD,colombian-pop;-latin-pop
Morrissey,Morrissey,3iTsJGG39nMg9YiolUgLMQ,britpop;-madchester;-new-wave;-jangle-pop
Motel,Motel,19IsMFpELM7g2UDuwDlZvU,rock-en-español;-latin-pop
Mötorhead,Motörhead,1DFr97A9HnbV3SKTJFu62M,heavy-metal;-speed-metal;-metal;-hard-rock;-rock
Mumford-&-Sons,Mumford-&-Sons,3gd8FJtBJtkRxdfbTu19U2,folk;-indie-folk;-folk-rock
Muse,Muse,12Chz98pHFMPJEknJQMWvI,alternative-rock;-rock
My-Chemical-Romance,My-Chemical-Romance,7FBcuc1gsnv6Y1nwFtNRCb,emo;-pop-punk;-emo-pop
Nach,Nach,66ArjpKRgw8vYBf9yhktto,latin-hip-hop;-rap
Nacha-Pop,Nacha-Pop,1CdLG4i1rTEOsex2UE0jCH,rock-en-español
Nacho-Cano,Nacho-Cano,3sNPNZwXgDcCY71Jqa7kMe,
Nacho-Canut,Nacho-Cano,3sNPNZwXgDcCY71Jqa7kMe,
Nacho-Vegas,Nacho-Vegas,14CMndDKSsMSvZYXFLZRfn,singer-songwriter
Najwa,Najwa,7dp8dR96gWncIypef8kTnS,
Nat-King-Cole,Nat-King-Cole,7v4imS0moSyGdXyLgVTIV7,christmas;-adult-standards;-vocal-jazz
Natalia,Natalia-Lafourcade,1hcdI2N1023RvSwLzTtdsp,latin-folk;-bolero;-latin-indie;-latin-alternative
Natalia-Lafourcade,Natalia-Lafourcade,1hcdI2N1023RvSwLzTtdsp,latin-folk;-bolero;-latin-indie;-latin-alternative
Natalia-Oreiro,Natalia-Oreiro,0Uit4gta4PrT7HvUe8W2Xo,
Natalie-Cole,Natalie-Cole,5tTsrGPwQRWUsHR2Xf7Ke9,quiet-storm
Natalie-Imbruglia,Natalie-Imbruglia,0dlOr0VIysztGWvU1dpjmP,
Neil-Diamond,Neil-Diamond,7mEIug7XUlQHikrFxjTWes,
Neil-Young,Neil-Young,6v8FB84lnmJs434UJf2Mrm,classic-rock;-folk-rock;-singer-songwriter;-roots-rock
Nek,Nek,5mXMQJHLLfym1KyNcDrhoZ,italo-dance
Nelly-Furtado,Nelly-Furtado,2jw70GZXlAI8QzWeY2bgRc,
Nena-Daconte,Nena-Daconte,58ZTr51uERVdMQbfDbc5B3,
New-Kids-on-the-Block,New-Kids-On-The-Block,55qiaow2sDYtjqu1mwRua6,
New-Order,New-Order,0yNLKJebCb8Aueb54LYya3,new-wave;-synthpop;-post-punk;-madchester
Nick-Carter,Nick-Carter,6eIPFXnKPqSQVxgsU4hELI,
Nick-Cave,Nick-Cave,1RM5gp0RFfjpJhCYFPB30p,
Nick-Cave-&-The-Bad-Seeds,Nick-Cave-&-The-Bad-Seeds,4UXJsSlnKd7ltsrHebV79Q,
Nick-Lowe,Nick-Lowe,3BqaUtuQmqIHg7B5Bc7fP7,power-pop
Nicki-Minaj,Nicki-Minaj,0hCNtLu0JehylgoiP8L4Gh,
Nicki-Nicole,Nicki-Nicole,2UZIAOlrnyZmyzt1nuXr9y,argentine-trap
Nicky-Jam,Nicky-Jam,1SupJlEpv7RS2tPNRaHViT,reggaeton;-latin
Nina-Hagen,Nina-Hagen,7xZHrltZh8zIRvjimgABvj,neue-deutsche-welle;-brazilian-rock
Niña-Pastori,Niña-Pastori,6UelqIK8qwhWFc2f6nSEh8,flamenco;-flamenco-pop
Nina-Simone,Nina-Simone,7G1GBhoKtEPnP86X2PvEYO,vocal-jazz;-jazz-blues;-soul;-soul-jazz;-jazz;-blues
Nino-Bravo,Nino-Bravo,03zz3zpyV15ZGw1cgjZ7tj,
Nirvana,Nirvana,6olE6TJLqED3rqDCT0FyPh,grunge;-rock
No-Doubt,No-Doubt,0cQbJU1aAzvbEmTuljWLlF,
Noa,Noa,6HwRSGDwpltqE6T0xQF8Xu,
Noel-Gallagher,Noel-Gallagher's-High-Flying-Birds,7sjttK1WcZeyLPn3IsQ62L,britpop;-madchester
Norah-Jones,Norah-Jones,2Kx7MNY7cI1ENniW7vT30N,
Nuria-Fergó,Nuria-Fergó,0eU0mDoeIkicltGVoLtGy3,flamenco;-flamenco-pop
Oasis,Oasis,2DaxqgrOhkeH0fpeiQq2f4,britpop;-madchester;-rock
OBK,OBK,00iiLCQzrQfdDg27gus6Ny,synthpop
Olivia-Newton-John,Olivia-Newton-John,4BoRxUdrcgbbq1rxJvvhg9,
Olivia-Rodrigo,Olivia-Rodrigo,1McMsnEElThX1knmY4oliG,
One-Direction,One-Direction,4AK6F7OLvEQ5QYCBNiQWHq,
OneRepublic,OneRepublic,5Pwc4xIPtQLFEnJriah9YJ,soft-pop
Orishas,Orishas,2gKYxTUOqw9aPt7ljMwSHT,latin-hip-hop;-latin-alternative;-latin;-son-cubano
Otis-Redding,Otis-Redding,60df5JBRRPcnSpsIMxxwQm,soul;-motown;-soul-blues
Ozuna,Ozuna,1i8SpTcr7yvPOmcqrbnVXY,reggaeton;-trap-latino;-latin;-urbano-latino
Ozzy-Osbourne,Ozzy-Osbourne,6ZLTlhejhndI4Rh53vYhrY,metal;-glam-metal;-heavy-metal;-hard-rock
P.J.-Harvey,PJ-Harvey,12VaqyEhgwDRuFfEqbnrpz,art-pop;-singer-songwriter
Pablo-Alborán,Pablo-Alborán,5M9Bb4adKAgrOFOhc05Y50,latin-pop
Pablo-López,Pablo-López,4uyqaioPEdClDxU6zvYlAZ,
Pablo-Milanés,Pablo-Milanés,4vOfKh5wz7lTcdqB3EwsC5,trova;-nueva-trova;-singer-songwriter;-bolero;-latin-folk
Paco-de-Lucía,Paco-de-Lucía,3h8OjAdgYXVRoMZ8jFd6Uw,flamenco
Panic!-at-the-Disco,Panic!-At-The-Disco,20JZFwl6HVl6yg8a4H3ZqK,emo
Parachute,Parachute,2PCUhxD40qlMqsKHjTZD2e,
Paramore,Paramore,74XFHRwlV6OrjEM0A2NCMF,pop-punk;-emo;-emo-pop
Pasión-Vega,Pasión-Vega,1SP2KiLZvq07zY1KUoZ3ey,flamenco;-flamenco-pop;-bolero
Pastora-Soler,Pastora-Soler,6nh96lsvDLuCVpgpfjeYnM,flamenco-pop;-flamenco
Pata-Negra,Pata-Negra,06uF7BP6dTC2wH1qZeGC6X,flamenco;-flamenco-pop;-jazz-blues
Patricia-Manterola,Patricia-Manterola,7qGVAYNNMun6Qf3jTkTGmf,
Patti-Smith,Patti-Smith,0vYkHhJ48Bs3jWcvZXvOrP,proto-punk
Patxi-Andión,Patxi-Andion,2Aj63SGDR3lgZ7GVVuK5wU,singer-songwriter;-rock-en-español;-trova
Paul-Anka,Paul-Anka,7ceUfdWq2t5nbatS6ollHh,adult-standards
Paul-McCartney,Paul-McCartney,4STHEaNw4mPZ2tzheohgXB,
Paul-Simon,Paul-Simon,2CvCyf1gEVhI0mX6aFXmVI,singer-songwriter
Paul-Weller,Paul-Weller,7Lf3LOZp3U3u2f6cWMd3AH,britpop
Paulina-Rubio,Paulina-Rubio,1d6dwipPrsFSJVmFTTdFSS,latin-pop
Paulo-Londra,Paulo-Londra,3vQ0GE3mI0dAaxIMYe5g7z,argentine-trap;-trap-latino;-reggaeton
Pearl-Jam,Pearl-Jam,1w5Kfo2jwwIPruYS2UWh56,grunge;-rock;-post-grunge
Pedro-Guerra,Pedro-Guerra,2GrNjfw23jqL1NTopPlc6c,trova;-nueva-trova;-singer-songwriter;-bolero
Pereza,Pereza,6mfK6Q2tzLMEchAr0e9Uzu,
Pet-Shop-Boys,Pet-Shop-Boys,2ycnb8Er79LoH2AsR5ldjh,synthpop;-new-wave
Pete-Doherty,Peter-Doherty,0ikiOZC4SDG6OrgHLESydg,
Peter-Frampton,Peter-Frampton,0543y7yrvny4KymoaneT4W,classic-rock
Peter-Gabriel,Peter-Gabriel,7C4sUpWGlTy7IANjruj02I,art-rock
Pharrell-Williams,Pharrell-Williams,2RdwBSPQiwcmiDo9kixcl8,
Phil-Collins,Phil-Collins,4lxfqrEsLX6N1N4OCSkILp,soft-rock
Phil-Spector,Phil-Spector,3jVMgT4X7YeuYE4aludcmE,doo-wop
Pignoise,Pignoise,21ttsUKZ3y2Hm6nduyvbAw,
Pink,Pink-Floyd,0k17h0D3J5VfsdmQ1iZtE9,progressive-rock;-psychedelic-rock;-classic-rock;-symphonic-rock;-art-rock;-rock
Pink-Floyd,Pink-Floyd,0k17h0D3J5VfsdmQ1iZtE9,progressive-rock;-psychedelic-rock;-classic-rock;-symphonic-rock;-art-rock;-rock
Pitbull,Pitbull,0TnOYISbd1XYRBk9myaseg,
Pitingo,Pitingo,4ByxGModIR7nXk4ZaVFdfO,flamenco;-flamenco-pop
Pixies,Pixies,6zvul52xwTWzilBZl6BUbT,alternative-rock
Placebo,Placebo,6RZUqkomCmb8zCRqc9eznB,britpop
Platero-y-tú,Platero-Y-Tu,1fQt5j7DTPuAOjdbTYgWav,rock-urbano
Post-Malone,Post-Malone,246dkjvS1zLTtiykXe5h60,
Presuntos-implicados,Presuntos-Implicados,7DC1oixQ38ba8Lyk47RlS5,
Prince,Prince-Royce,3MHaV05u0io8fQbZ2XPtlC,bachata;-latin;-bachata-pop
Queen,Queen,1dfeR4HaWDbWqFHLkxsg1d,classic-rock;-rock;-glam-rock
Queens-of-the-Stone-Age,Queens-of-the-Stone-Age,4pejUc4iciQfgdX6OKulQn,stoner-rock;-alternative-rock
Quevedo,Quevedo,52iwsT98xCoGgiGntTiR7K,
Quiet-Riot,Quiet-Riot,1dLWg6m8RRhizsdqJbhyj3,glam-metal;-hard-rock;-glam-rock
Quincy-Jones,Quincy-Jones,3rxIQc9kWT6Ueg4BhnOwRK,soul-jazz;-big-band;-quiet-storm
Quique-González,Quique-González,0uCwhAtvXQlTGZJWDJQykZ,singer-songwriter
R.-Kelly,R.-Kelly,2mxe0TnaNL039ysAj51xPQ,r&b
R.E.M.,R.E.M.,4KWTAlx2RvbpseOGMEmROg,jangle-pop;-alternative-rock;-rock
Radio-Futura,Radio-Futura,4qKJA8Cf8R44cMThP6q8KM,rock-en-español
Radiohead,Radiohead,4Z8W4fKeB5YxbusRsdQVPb,art-rock;-alternative-rock
Rammstein,Rammstein,6wWVKhxIU2cEi0K81v7HvP,industrial-metal;-metal;-industrial-rock;-industrial
Ramones,Ramones,1co4F2pPNH8JjTutZkmgSm,punk;-proto-punk
Raphael,Raphael,796OSRuB0E9Hq55uTFL9U8,
Rauw-Alejandro,Rauw-Alejandro,1mcTU81TzQhprhouKaTkpq,reggaeton;-urbano-latino;-trap-latino;-latin
Ray-Charles,Ray-Charles,1eYhYunlNJlDoQhtYBvPsi,jazz-blues;-soul;-soul-blues;-blues;-vocal-jazz
RBD,RBD,7cjh6y0V9SsyCrWSXTzwOs,latin-pop
Red-Hot-Chili-Peppers,Red-Hot-Chili-Peppers,0L8ExT028jH3ddEcZwqJJ5,funk-rock;-alternative-rock;-rock
Revólver,Revólver,12UVhvACFUGDz4f9mKIMmV,
Ricardo-Arjona,Ricardo-Arjona,0h1zs4CTlU9D2QtgPxptUD,latin-pop
Richard-Ashcroft,Richard-Ashcroft,1HGTHrRQkw0BtevSo1jucU,britpop;-madchester
Rick-Astley,Rick-Astley,0gxyHStUsqpMadRV0Di1Qt,
Ricky-Martin,Ricky-Martin,7slfeZO9LsJbWgpkIoXBUJ,latin-pop;-latin
Rihanna,Rihanna,5pKCCKE2ajJHZ9KAiaK11H,
Ringo-Starr,Ringo-Starr,6DbJi8AcN5ANdtvJcwBSw8,
Rita-Ora,Rita-Ora,5CCwRZC6euC8Odo6y9X8jr,
Robbie-Williams,Robbie-Williams,2HcwFjNelS49kFbfvMxQYw,
Robert-Palmer,Robert-Palmer,530Sdm7eqqzWBdDmILMgnu,
Robert-Plant,Robert-Plant,1OwarW4LEHnoep20ixRA0y,
Robert-Ramírez,Robert-Ramirez,73f358a1bKCzhphlZfGFlu,
Roberta-Flack,Roberta-Flack,0W498bDDNlJIrYMKXdpLHA,adult-standards
Roberto-Carlos,Roberto-Carlos,7fAKtXSdNInWAIf0jVUz65,mpb;-brega;-bolero
Robyn,Robyn,6UE7nl9mha6s8z0wFQFIZ2,
Rocío-Dúrcal,Rocío-Dúrcal,2uyweLa0mvPZH6eRzDddeB,mariachi;-ranchera;-bolero
Rod-Stewart,Rod-Stewart,2y8Jo9CKhJvtfeKOsYzRdT,soft-rock
Roger-Daltrey,Roger-Daltrey,5odf7hjI7hyvAw66tmxhGF,album-rock
Roger-Taylor,Roger-Taylor,2PZEd7yktruWruOqORRChA,
Roger-Waters,Roger-Waters,40DqL6Tv84cKT2pH2NMs9r,progressive-rock;-symphonic-rock;-art-rock
Romeo-Santos,Romeo-Santos,5lwmRuXgjX8xIwlnauTZIP,bachata;-bachata-pop;-latin
Rosa,ROSALÍA,7ltDVBr6mKbRvohxheJ9h1,latin
Rosalía,ROSALÍA,7ltDVBr6mKbRvohxheJ9h1,latin
Rosana,Rosana,5ttV0N9HvMH3KLqNKcS2M0,trova
Rosario,Rosario-Alfonso,7mirwC8eaTt7tswix93TFZ,latin-indie
Rosendo,Rosendo,0P4FkbP57uc9XBnJ9aoA3N,rock-urbano
Roxette,Roxette,2SHhfs4BiDxGQ3oxqf0UHY,
Roxy-Music,Roxy-Music,3fhOTtm0LBJ3Ojn4hIljLo,glam-rock;-art-rock
Roy-Orbison,Roy-Orbison,0JDkhL4rjiPNEp92jAgJnS,rockabilly
Rozalén,Rozalén,5soMpG6E6oApEiCZgrWeVz,singer-songwriter
Rubén-Blades,Rubén-Blades,5BwMgvRwlq61SmknvsVIQj,salsa;-salsa-romantica;-latin-jazz;-merengue;-son-cubano
Russian-Red,Russian-Red,47wB3vlOd130dM3k5fADQw,
Ryan-Adams,Ryan-Adams,2qc41rNTtdLK0tV3mJn2Pm,alt-country;-americana;-singer-songwriter
Sade,Sade,47zz7sob9NUcODy0BTDvKx,
Sam-Cooke,Sam-Cooke,6hnWRPzGGKiapVX1UCdEAC,motown;-soul
Sam-Ryder,Sam-Ryder,1rvnJJghrxl1xakJZct08m,
Sam-Smith,Sam-Smith,2wY79sveU1sp5g7SokKOiI,soft-pop
Santana,Santana,6GI52t8N5F02MxU0g5U69P,
Santiago-Auserón,Santiago-Auserón,1QnWFj4XbwMBRss56Jk63W,
Sara-Baras,Sara-Baras,2gPs72TW2A2OUSxzFbetKa,flamenco
Sarah-Brightman,Sarah-Brightman,7Ead768rc4ShGxnqtqccU5,opera;-musicals
Sarah-McLachlan,Sarah-McLachlan,4NgNsOXSwIzXlUIJcpnNUp,
Scarlett-Johansson,Scarlett-Johansson,2KAaJOwfu8n93byx6YPRPa,
Scorpions,Scorpions,27T030eWyCQRmDyuvr1kxY,hard-rock;-glam-metal;-rock
Scream,Scream,0wIhCBrT02x0GG5bKqcSAh,hardcore-punk;-punk;-hardcore
Seal,Seal,5GtMEZEeFFsuHY8ad4kOxv,
Sebastián-Yatra,Sebastian-Yatra,07YUOmWljBTXwIseAUd9TW,colombian-pop;-reggaeton;-latin
Second,Second,3Ju3bW8OaeUmfQKqMtATKr,indie
Seguridad-Social,Seguridad-Social,5UbMQUFrcJdDstPCza7y0B,rock-en-español
Selena,Selena-Gomez,0C8ZW7ezQVs4URX5aX7Kqx,pop
Selena-Gómez,Selena-Gomez,0C8ZW7ezQVs4URX5aX7Kqx,pop
Sergio-Dalma,Sergio-Dalma,7x6XYw3yCC67Pizi4o0wvZ,
Sex-Pistols,Sex-Pistols,1u7kkVrr14iBvrpYnZILJR,punk;-proto-punk
Shaila-Durcal,Shaila-Dúrcal,10wi8ujD0qDXSTHYLLzDXG,mariachi;-ranchera
Shakira,Shakira,0EmeFodog0BfCgMzAIvKQp,latin-pop
Shania-Twain,Shania-Twain,5e4Dhzv426EvQe3aDb64jL,country
Sharleen-Spiteri,Sharleen-Spiteri,2oDCaYSoTLVLIBg1gI2dPK,
Shawn-Mendes,Shawn-Mendes,7n2wHs1TKAczGzO7Dd2rGr,
Sheryl-Crow,Sheryl-Crow,4TKTii6gnOnUXQHyuo9JaD,
Sia,Sia,5WUlDfRSoLAfcVSX1WnrxN,
Sidecars,Sidecars,1OxGzd3ks0V8CVWtXT1VMj,
Sidonie,Sidonie,2pMVWkucVS130nJx59uAEa,indie
Silvio-Rodríguez,Silvio-Rodríguez,4rUyBlggM5tZUH5QZn9ZuO,trova;-nueva-trova;-singer-songwriter;-latin-folk
Simon-&-Garfunkel,Simon-&-Garfunkel,70cRZdQywnSFp9pnc2WTCE,folk-rock;-folk
Simple-Minds,Simple-Minds,6hN9F0iuULZYWXppob22Aj,new-wave
Simple-Plan,Simple-Plan,2p4FqHnazRucYQHyDCdBrJ,pop-punk;-punk;-emo
Simply-Red,Simply-Red,1fa0cOhromAZdq2xRA4vv8,
Sinéad-O'Connor,Sinéad-O'Connor,4sD9znwiVFx9cgRPZ42aQ1,
Siniestro-Total,Siniestro-Total,3baxdZ69449O6BMd7yuYXv,
Ska-p,Ska-P,2fiiGUBgPsIKDCE0bTthnl,ska;-ska-punk;-mexican-ska
Slash,Slash,4Cqia9vrAbm7ANXbJGXsTE,acoustic-rock;-hard-rock
Sleepy-Labeef,Sleepy-LaBeef,4TWlhLMKfoIXqJOYxwKhdf,rockabilly;-boogie-woogie;-rock-and-roll
Snoop-Dogg,Snoop-Dogg,7hJcb9fa4alzcOq3EaNPoG,g-funk;-west-coast-hip-hop;-gangster-rap;-hip-hop;-rap
Snow-Patrol,Snow-Patrol,3rIZMv9rysU7JkLzEaC5Jp,
Soda-Stereo,Soda-Stereo,7An4yvF7hDYDolN4m5zKBp,rock-en-español;-latin-rock;-argentine-rock;-latin-alternative
Sole-Giménez,Sole-Gimenez,56FObtReljLqgs2bgQ0kZS,bolero
Soziedad-Alkoholika,Soziedad-Alkoholika,2S5OOMthdyp3Qu4IbTGAQ3,ska-punk;-punk
Spandau-Ballet,Spandau-Ballet,2urZrEdsq72kx0UzfYN8Yv,new-wave;-synthpop
Spice-Girls,Spice-Girls,0uq5PttqEjj3IH1bzwcrXF,
Spin-Doctors,Spin-Doctors,2PSiyldxmJze7xiqbz658m,
Status-Quo,Status-Quo,4gIdjgLlvgEOz7MexDZzpM,glam-rock;-blues-rock
Stereolab,Stereolab,3Rj0tDHoX7C5NFq5DKIpHt,art-pop;-krautrock;-post-rock;-chamber-pop
Stereophonics,Stereophonics,21UJ7PRWb3Etgsu99f8yo8,britpop
Steve-Mac,Steve-Mac,78E5Zx38dgv90Q7VN2AplD,
Steve-Miller-Band,Steve-Miller-Band,6QtGlUje9TIkLrgPZrESuk,classic-rock
Steve-Winwood,Steve-Winwood,5gxynDEKwNDgxGJmJjZyte,soft-rock
Stevie-Wonder,Stevie-Wonder,7guDJrEfX3qb6FEbdPA5qi,motown;-soul
Sting,Sting,0Ty63ceoRnnJKVEYP0VQpk,soft-rock
Suede,Suede,6PHIK3kjWggLtVygsOtpqS,britpop
Sugababes,Sugababes,7rZNSLWMjTbwdLNskFbzFf,
Sugar-Ray,Sugar-Ray,4uN3DsfENc7dp0OLO0FEIb,
Supergrass,Supergrass,0sHeX8oQ6o7xic3wMf4NBU,britpop
Supertramp,Supertramp,3JsMj0DEzyWc0VDlHuy9Bx,progressive-rock;-classic-rock;-symphonic-rock
Suzanne-Vega,Suzanne-Vega,3X0tJzVYoWlfjLYI0Ridsw,singer-songwriter
Syd-Barrett,Syd-Barrett,6Lt3HS8R2v8Q4G7ZkUWa8R,psychedelic-rock;-acid-rock;-psychedelic-pop
Take-That,Take-That,1XgFuvRd7r5g0h844A5ZUQ,
Talking-Heads,Talking-Heads,2x9SpqnPi8rlE9pjHBwmSC,new-wave;-post-punk
Tam-Tam-Go,Tam-Tam-Go!,5S8JCEc9r5JQIOYAHngbCs,latin-rock
Tamara,Tamara,1BY90fgPEPLRdSrdIV9zrz,bolero
Tanita-Tikaram,Tanita-Tikaram,2gTl60Ao3u7bljVnAqxPh8,
Tarque,Tarque,0bbgHE4QN1vDZhkGJw8n9p,
Taxi,Taxi,0U20fLzKnrurHG5cPCwuA9,
Taylor-Swift,Taylor-Swift,06HL4z0CvFAxyc27GXpf02,
Tears-For-Fears,Tears-For-Fears,4bthk9UfsYUYdcFyqxmSUU,new-wave;-synthpop
Tequila,Tequila,6stZWw6L5Sjy5m7OdUR3rO,
Terence-Trent-D'Arby,Sananda-Maitreya,6RGxLsQUoGk5PLyMVwb3yE,
Texas,Texas,5JsdVATHNPE0XdMFMRoSuf,
Thalía,Thalia,23wEWD21D4TPYiJugoXmYb,latin-pop
The-Animals,The-Animals,3ICflSq6ZgYAIrm2CTkfVP,classic-rock
The-Beach-Boys,The-Beach-Boys,3oDbviiivRWhXwIE8hxkVV,baroque-pop
The-Beatles,The-Beatles,3WrFJ7ztbogyGnTHbHJFl2,classic-rock;-psychedelic-rock
The-Blues-Brothers,The-Blues-Brothers,1cHFz6lrt7KAsBV8j2Ny1g,blues;-blues-rock
The-Cabriolets,The-Cabriolets,0uc6jtXYDI9iPAxv817ggK,
The-Cardigans,The-Cardigans,1tqZaCwM57UFKjWoYwMLrw,
The-Cars,The-Cars,6DCIj8jNaNpBz8e5oKFPtp,power-pop;-new-wave;-classic-rock
The-Chemical-Brothers,The-Chemical-Brothers,1GhPHrq36VKCY3ucVaZCfo,big-beat;-alternative-dance;-electronic;-breakbeat
The-Clash,The-Clash,3RGLhK1IP9jnYFH4BRFJBS,punk
The-Communards,The-Communards,17U2ImH5IyYMvjkCfPhMHT,hi-nrg;-synthpop
The-Corrs,The-Corrs,1VbWUxZTRNY2gw3qZ1tg9W,celtic-rock
The-Cranberries,The-Cranberries,7t0rwkOPGlDPEhaOcVtOt9,
The-Cult,The-Cult,49DW3KvkyjHO35mK1JnSyS,hard-rock;-glam-metal
The-Cure,The-Cure,7bu3H8JO7d0UbMoVzbo70s,new-wave;-post-punk;-darkwave
The-Darkness,The-Darkness,5r1bdqzhgRoHC3YcCV6N5a,glam-metal
The-Doors,The-Doors,22WZ7M8sxp5THdruNY3gXt,psychedelic-rock;-classic-rock;-acid-rock
The-Housemartins,The-Housemartins,77D38RDgCtlYNLpayStftL,jangle-pop
The-Human-League,The-Human-League,1aX2dmV8XoHYCOQRxjPESG,new-wave;-synthpop
The-Jackson-5,The-Jackson-5,2iE18Oxc8YSumAU232n4rW,motown;-christmas
The-Jacksons,The-Jacksons,2yrbLiuBmc9j81lTX3XUuI,disco;-motown;-philly-soul
The-Killers,The-Killers,0C0XlULifJtAgn6ZNCW2eu,alternative-rock
The-Kinks,The-Kinks,1SQRv42e4PjEYfPhS0Tk9E,proto-punk;-baroque-pop
The-Lemonheads,The-Lemonheads,6w7fc6IZlo5zwBaKT5jU1X,power-pop;-alternative-rock
The-Mamas-&-the-Papas,The-Mamas-&-The-Papas,1bs7HoMkSyQwcobCpE9KpN,folk-rock
The-Monkees,The-Monkees,320EPCSEezHt1rtbfwH6Ck,
The-Moody-Blues,The-Moody-Blues,5BcZ22XONcRoLhTbZRuME1,progressive-rock;-symphonic-rock;-art-rock;-blues;-baroque-pop;-psychedelic-rock
The-Offspring,The-Offspring,5LfGQac0EIXyAN8aUwmNAQ,punk;-skate-punk
The-Police,The-Police,5NGO30tJxFlKixkPSgXcFE,
The-Pretenders,Pretenders,0GByy3DcfbQwDvXGCWmzv9,
The-Pussycat-Dolls,The-Pussycat-Dolls,6wPhSqRtPu1UhRCDX5yaDJ,
The-Rolling-Stones,The-Rolling-Stones,22bE4uQ6baNwSHPVcDxLCe,classic-rock;-rock
The-Smiths,The-Smiths,3yY2gUcIsjMr8hjo51PoJ8,new-wave;-madchester;-jangle-pop
The-Stone-Roses,The-Stone-Roses,1lYT0A0LV5DUfxr6doRP3d,madchester;-britpop
The-Strokes,The-Strokes,0epOFNiUfyON9EYx7Tpr6V,garage-rock;-indie-rock;-alternative-rock
The-Supremes,The-Supremes,57bUPid8xztkieZfS7OlEV,motown;-northern-soul;-soul
The-Velvet-Underground,The-Velvet-Underground,1nJvji2KIlWSseXRSlNYsC,proto-punk;-art-rock
The-Verve,The-Verve,2cGwlqi3k18jFpUyTrsR84,britpop;-shoegaze
The-Wallflowers,The-Wallflowers,0jJNGWrpjGIHUdTTJiIYeB,
The-Waterboys,The-Waterboys,5TnuP42pw475UrjjeabtwZ,celtic-rock
The-Weeknd,The-Weeknd,1Xyo4u8uXC1ZmMpatF05PJ,
The-Who,The-Who,67ea9eGLXYMsO2eYQRui3w,classic-rock;-rock
The-Yardbirds,The-Yardbirds,2lxX1ivRYp26soIavdG9bX,psychedelic-rock;-acid-rock;-blues-rock
Them,Them-Crooked-Vultures,4zYQWYmtimAEmI6WWEzGfO,stoner-rock
Thom-Yorke,Thom-Yorke,4CvTDPKA6W06DRfBnZKrau,
Timbaland,Timbaland,5Y5TRrQiqgUO4S36tzjIRZ,
Tina-Turner,Tina-Turner,1zuJe6b1roixEKMOtyrEak,
Tino-Casal,Tino-Casal,3PWELXN8Bl961nrQGPVk3u,
Tiziano-Ferro,Tiziano-Ferro,11TplWqOPQBTmg2eiSLt1m,italian-singer-songwriter;-italo-dance
Tokio-Hotel,Tokio-Hotel,46aNfN89JrOQTCy97GoCHa,
Tom-Chaplin,Tom-Chaplin,2QLe6Hv3OunsyrNaTRDxQn,
Tom-Jones,Tom-Jones,1T0wRBO0CK0vK8ouUMqEl5,
Tom-Petty,Tom-Petty,2UZMlIwnkgAEDBsw1Rejkn,classic-rock
Tom-Waits,Tom-Waits,7x83XhcMbOTl1UdYsPTuZM,dark-cabaret;-singer-songwriter
Toni-Braxton,Toni-Braxton,3X458ddYA2YcVWuVIGGOYe,r&b
Tony-Bennett,Tony-Bennett,2lolQgalUvZDfp5vvVtTYV,vocal-jazz;-christmas;-big-band;-adult-standards;-jazz
Toto,TOTO,0PFtn5NtBbbUNbU9EAmIWF,soft-rock
Tove-Lo,Tove-Lo,4NHQUGzhtTLFvgF5SZesLK,
Tracy-Chapman,Tracy-Chapman,7oPgCQqMMXEXrNau5vxYZP,
Travis,Travis-Scott,0Y5tJX1MQlPlqiwlOH1tJY,rap
Travis-Scott,Travis-Scott,0Y5tJX1MQlPlqiwlOH1tJY,rap
Twenty-One-Pilots,Twenty-One-Pilots,3YQKmKGau1PzlVlkL1iodx,
U2,U2,51Blml2LZPmy7TTiAg47vQ,rock
UB40,UB40,69MEO1AADKg1IZrq2XLzo5,reggae
Ultravox,Ultravox,3iUjRVvYCsMfz7tuAQtBDI,synthpop;-new-wave
Underworld,Underworld,1PXHzxRDiLnjqNrRn2Xbsa,big-beat;-electronica
Usher,USHER,23zg3TcAtWQy7J6upgbUnj,r&b
Van-Halen,Van-Halen,2cnMpRsOVqtPMfq7YiFE6K,glam-metal;-classic-rock;-rock;-hard-rock
Van-Morrison,Van-Morrison,44NX2ffIYHr6D4n7RaZF7A,
Vanesa-Martín,Vanesa-Martín,5kSJMVPcTITrSZxTrHllVN,flamenco-pop;-flamenco
Vanessa-Carlton,Vanessa-Carlton,5ILrArfIV0tMURcHJN8Q07,
Vanessa-Paradis,Vanessa-Paradis,1FmxE030Xe2H8Bn9bdv6Pd,variété-française;-chanson;-french-pop
Vanessa-Williams,Vanessa-Williams,75L9s8KVrhCNtBUkZFnDFW,
Vangelis,Vangelis,4P70aqttdpJ9vuYFDmf7f6,new-age
Vargas-Blues-Band,Vargas-Blues-Band,3K6ueahyMBq96ZtDjo9LSn,blues;-blues-rock;-modern-blues
Vega,Vega,3G7gQpRgUyeuiLryLx3x3E,
Vengaboys,Vengaboys,0cwmNvclzPd8mQnoHuIksj,eurodance;-europop
Verónica,Verónica-Sanfilippo,70jDa8sYqczy9YjrRCgftf,
Vetusta-Morla,Vetusta-Morla,6J6yx1t3nwIDyPXk5xa7O8,indie
Víctor-Manuel,Víctor-Manuelle,4N5fp4zhTsVITZTVfsXpc2,salsa;-salsa-romantica;-merengue
Violadores-del-Verso,Violadores-Del-Verso,1DH9RJ0xBVje6gQmK3LWUY,hardcore-hip-hop;-latin-hip-hop
Vonda-Shepard,Vonda-Shepard,0dhxm9QdU7nzflPS6xGQ8P,
Westlife,Westlife,5Z1CCuBsyhEHngq3U5IraY,
Wham!,Wham!,5lpH0xAS4fVfLkACg9DAuM,christmas
Whitney-Houston,Whitney-Houston,6XpaIBNiVzIetEPCWDvAFP,
Wilco,Wilco,2QoU3awHVdcHS8LrZEKvSM,alt-country;-americana;-indie-rock
Will-Smith,Will-Smith,41qil2VaGbD194gaEcmmyx,
Willy-DeVille,Willy-DeVille,4I7KSNpB2zt6XTyCXw7ca9,
Wilson-Pickett,Wilson-Pickett,0N5PyKJzS3M1XNlaCL7bbE,motown;-soul;-northern-soul
Wiz-Khalifa,Wiz-Khalifa,137W8MRPWKqSmrBGDBFSop,rap
Yael-Naim,Yael-Naim,32aFdXARUiqP81SXqIPD4w,
Zayn-Malik,ZAYN,5ZsFI1h6hIdQRw2ti0hz81,
Zucchero,Zucchero,2KftmGt9sk1yLjsAoloC3M,italo-dance;-italian-singer-songwriter
ZZ-Top,ZZ-Top,2AM4ilv6UzW0uMRuqKtDgN,southern-rock;-classic-rock;-blues-rock;-rock
